,0
0,MR. LONG
1,MR. BOST
2,MS. PINGREE
3,MR. KELLY OF PENNSYLVANIA
4,MR. LARSON OF CONNECTICUT
5,MRS. HARTZLER
6,MR. BIGGS
7,MR. CRAPO
8,MR. CASTRO OF TEXAS
9,MS. MAXINE WATERS OF CALIFORNIA
10,MS. CASTOR OF FLORIDA
11,MR. MCGOVERN
12,MR. HUDSON
13,MR. MASSIE
14,MR. COCHRAN
15,MR. CHABOT
16,MR. FLORES
17,MR. LAHOOD
18,MR. FASO
19,MR. HOYER
20,MR. FOSTER
21,MR. SCOTT OF VIRGINIA
22,THE ACTING PRESIDENT PRO TEMPORE
23,MR. SMITH OF TEXAS
24,MR. SESSIONS
25,MR. ARRINGTON
26,MS. SEWELL OF ALABAMA
27,MR. KELLY OF MISSISSIPPI
28,THE ACTING CHAIR
29,THE PRESIDING OFFICER (MR. STRANGE)
30,THE PRESIDING OFFICER (MR. SULLIVAN)
31,MS. KAPTUR
32,THE PRESIDING OFFICER (MRS. ERNST)
33,MRS. MURRAY
34,MR. GALLEGO
35,MR. INHOFE
36,MR. BROWN OF MARYLAND
37,THE SPEAKER PRO TEMPORE (MR. NORMAN)
38,MR. TIPTON
39,MR. POLIQUIN
40,MR. DEFAZIO
41,MR. HURD
42,MR. GALLAGHER
43,THE PRESIDING OFFICER (MR. TILLIS)
44,MS. MATSUI
45,MR. KNIGHT
46,MR. HELLER
47,THE SPEAKER PRO TEMPORE (MR. PALMER)
48,MR. FRANKS OF ARIZONA
49,MS. CHENEY
50,MR. SHIMKUS
51,MR. NEAL
52,MR. FITZPATRICK
53,MR. CARTWRIGHT
54,MS. HASSAN
55,MR. CONYERS
56,MR. HIMES
57,MS. STEFANIK
58,THE SPEAKER PRO TEMPORE (MR. TAYLOR)
59,MR. KAINE
60,MRS. NOEM
61,MR. MOONEY OF WEST VIRGINIA
62,MS. TITUS
63,MR. ROHRABACHER
64,MS. TENNEY
65,MR. YARMUTH
66,THE SPEAKER PRO TEMPORE (MR. FERGUSON)
67,THE SPEAKER PRO TEMPORE (MR. RODNEY DAVIS OF ILLINOIS)
68,MR. LOWENTHAL
69,MR. WENSTRUP
70,MR. MORAN
71,THE SPEAKER
72,MR. RODNEY DAVIS OF ILLINOIS
73,THE SPEAKER PRO TEMPORE (MR. KUSTOFF OF TENNESSEE)
74,MS. FUDGE
75,MR. PITTENGER
76,MR. FLEISCHMANN
77,MR. SANDERS
78,MR. AUSTIN SCOTT OF GEORGIA
79,NONE
80,MS. JAYAPAL
81,THE PRESIDING OFFICER (MR. YOUNG)
82,MR. RASKIN
83,MR. GOHMERT
84,MR. BURGESS
85,MRS. BEATTY
86,MS. ESHOO
87,MR. RYAN OF WISCONSIN
88,MR. STIVERS
89,MS. BORDALLO
90,THE SPEAKER PRO TEMPORE (MR. FLORES)
91,MR. DUNCAN OF TENNESSEE
92,MS. JUDY CHU OF CALIFORNIA
93,MR. YOHO
94,MR. DENT
95,MR. HIGGINS OF NEW YORK
96,MR. BILIRAKIS
97,THE PRESIDENT PRO TEMPORE
98,THE PRESIDING OFFICER (MR. LEE)
99,MS. ROS-LEHTINEN
100,MR. GARAMENDI
101,THE SPEAKER PRO TEMPORE (MR. HIGGINS OF LOUISIANA)
102,MR. PASCRELL
103,MR. BUTTERFIELD
104,MR. LANGEVIN
105,MR. DAVID SCOTT OF GEORGIA
106,MR. JOHNSON OF LOUISIANA
107,MR. SCHATZ
108,MR. CORREA
109,MR. BRENDAN F. BOYLE OF PENNSYLVANIA
110,MR. HARRIS
111,THE SPEAKER PRO TEMPORE
112,MR. STEWART
113,MR. PERRY
114,MS. KLOBUCHAR
115,MR. CORKER
116,MS. MCSALLY
117,MR. JEFFRIES
118,MR. SHUSTER
119,MS. KUSTER OF NEW HAMPSHIRE
120,MR. GARDNER
121,MR. JOHNSON OF OHIO
122,MR. VEASEY
123,THE SPEAKER PRO TEMPORE (MR. ISSA)
124,MS. DEGETTE
125,MR. BENNET
126,MR. THOMPSON OF CALIFORNIA
127,MR. BRADY OF TEXAS
128,MR. ROSKAM
129,MR. GRIJALVA
130,MS. CORTEZ MASTO
131,MR. YOUNG OF IOWA
132,THE ACTING CHAIR (MR. MITCHELL)
133,MS. LEE
134,MR. DUNN
135,MR. ROGERS OF ALABAMA
136,MR. MURPHY
137,MR. BOOZMAN
138,MR. GUTHRIE
139,MR. PALAZZO
140,MRS. MCMORRIS RODGERS
141,THE PRESIDING OFFICER (MR. JOHNSON)
142,MR. LIPINSKI
143,MR. CRAWFORD
144,MS. DELAURO
145,MRS. BLACKBURN
146,MR. OLSON
147,MRS. DAVIS OF CALIFORNIA
148,MR. WHITEHOUSE
149,MR. SOTO
150,UNKNOWN
151,THE SPEAKER PRO TEMPORE (MR. GARRETT)
152,MR. MENENDEZ
153,MR. MCCARTHY
154,MS. COLLINS
155,MR. SWALWELL OF CALIFORNIA
156,MS. NORTON
157,MR. MARKEY
158,MS. GABBARD
159,THE SPEAKER PRO TEMPORE (MR. MITCHELL)
160,THE PRESIDING OFFICER (MR. COTTON)
161,MR. MARSHALL
162,MR. SMUCKER
163,MR. HATCH
164,THE SPEAKER PRO TEMPORE (DURING THE VOTE)
165,MR. DIAZ-BALART
166,MR. KRISHNAMOORTHI
167,MR. SCALISE
168,MR. GRAVES OF GEORGIA
169,MS. BROWNLEY OF CALIFORNIA
170,MR. PETERS
171,MR. TAKANO
172,MR. GENE GREEN OF TEXAS
173,MS. WARREN
174,THE PRESIDING OFFICER (MR. CRUZ)
175,MRS. FISCHER
176,MR. KING
177,MR. HUFFMAN
178,MR. GUTIERREZ
179,MR. ENZI
180,MRS. LAWRENCE
181,MR. GRASSLEY
182,MR. BUDD
183,THE PRESIDING OFFICER (MR. RUBIO)
184,MR. LEAHY
185,MR. TED LIEU OF CALIFORNIA
186,MS. MCCOLLUM
187,MRS. WAGNER
188,MR. SIRES
189,MR. BLUMENTHAL
190,MR. GONZALEZ OF TEXAS
191,MR. DURBIN
192,THE RECORDER
193,MS. VELAZQUEZ
194,MRS. FEINSTEIN
195,MR. HIGGINS OF LOUISIANA
196,MR. TILLIS
197,THE PRESIDING OFFICER (MR. FLAKE)
198,THE PRESIDING OFFICER (MR. LANKFORD)
199,MR. WYDEN
200,MR. MAST
201,MR. GRAVES OF MISSOURI
202,MR. RICHMOND
203,MS. SPEIER
204,MR. COLLINS OF GEORGIA
205,MRS. HANDEL
206,MR. MCCAUL
207,THE SPEAKER PRO TEMPORE (MR. DUNCAN OF TENNESSEE)
208,THE CLERK
209,MR. KUSTOFF OF TENNESSEE
210,MS. STABENOW
211,MR. FLAKE
212,MR. ALEXANDER
213,MR. MCNERNEY
214,THE PRESIDING OFFICER (MRS. FISCHER)
215,THE PRESIDING OFFICER (MR. PERDUE)
216,MR. ESPAILLAT
217,MR. FERGUSON
218,MR. SCHUMER
219,MR. ROYCE OF CALIFORNIA
220,MRS. SHAHEEN
221,MS. CANTWELL
222,THE SPEAKER PRO TEMPORE (MR. FASO)
223,THE PRESIDING OFFICER (MR. DAINES)
224,MS. EDDIE BERNICE JOHNSON OF TEXAS
225,MR. BYRNE
226,MR. RUTHERFORD
227,MRS. LOVE
228,THE PRESIDING OFFICER (MR. SASSE)
229,MR. RISCH
230,MR. SUOZZI
231,THE SPEAKER PRO TEMPORE (MR. HOLDING)
232,MR. MCHENRY
233,MR. RUBIO
234,MRS. BUSTOS
235,THE SPEAKER PRO TEMPORE (MR. MAST)
236,MR. COTTON
237,THE PRESIDING OFFICER (MRS. CAPITO)
238,MR. PERDUE
239,MR. YOUNG
240,THE SPEAKER PRO TEMPORE (MR. HULTGREN)
241,THE ACTING CHAIR (DURING THE VOTE)
242,MR. REICHERT
243,MS. FOXX
244,MR. MCCONNELL
245,MR. FRELINGHUYSEN
246,MR. HILL
247,MR. DONNELLY
248,MR. SMITH OF NEW JERSEY
249,MR. RUSH
250,THE PRESIDING OFFICER (MR. ROUNDS)
251,MR. GARRETT
252,MR. BARR
253,MR. TESTER
254,MR. FORTENBERRY
255,MR. WILSON OF SOUTH CAROLINA
256,MR. CLYBURN
257,THE SPEAKER PRO TEMPORE (MR. WEBER OF TEXAS)
258,MR. KIND
259,MR. CRUZ
260,MS. CAPITO
261,MR. KENNEDY
262,MR. LYNCH
263,MR. SULLIVAN
264,MR. ROUNDS
265,MR. MCCLINTOCK
266,MR. HULTGREN
267,MS. ADAMS
268,MR. GRAVES OF LOUISIANA
269,MR. REED
270,MRS. GILLIBRAND
271,MR. AL GREEN OF TEXAS
272,MR. CARBAJAL
273,MR. HECK
274,MR. NORMAN
275,MR. HUIZENGA
276,MRS. TORRES
277,MR. WICKER
278,MR. CARDIN
279,MR. NADLER
280,MR. GOSAR
281,MR. THUNE
282,MR. SMITH OF WASHINGTON
283,MS. HIRONO
284,MR. ROTHFUS
285,MRS. BROOKS OF INDIANA
286,MRS. CAROLYN B. MALONEY OF NEW YORK
287,MS. SANCHEZ
288,MR. ENGEL
289,MR. NELSON
290,MRS. ERNST
291,THE SPEAKER PRO TEMPORE (MR. GAETZ)
292,MR. WEBER OF TEXAS
293,MR. NEWHOUSE
294,MR. UDALL
295,MR. MCCAIN
296,MR. COONS
297,MR. PAYNE
298,MS. ROSEN
299,MR. DAINES
300,MS. DUCKWORTH
301,MR. KING OF IOWA
302,MR. LEVIN
303,MR. MITCHELL
304,MS. BARRAGAN
305,MR. WALDEN
306,MR. WESTERMAN
307,MR. LAMBORN
308,MR. JENKINS OF WEST VIRGINIA
309,MR. BLUMENAUER
310,MR. LAWSON OF FLORIDA
311,MR. SCHRADER
312,MR. BABIN
313,MR. WOODALL
314,MR. COOK
315,MR. BLUNT
316,MR. SIMPSON
317,MR. RUIZ
318,MR. LAMALFA
319,MR. JOHNSON OF GEORGIA
320,MR. ESTES OF KANSAS
321,MR. LANKFORD
322,MS. MURKOWSKI
323,MR. MCEACHIN
324,MR. HEINRICH
325,MR. WELCH
326,MR. GOMEZ
327,MS. MOORE
328,MR. COHEN
329,MR. COSTA
330,THE SPEAKER PRO TEMPORE (MR. POE OF TEXAS)
331,MR. CONNOLLY
332,MR. HOLDING
333,THE PRESIDING OFFICER (MR. MORAN)
334,MS. SLAUGHTER
335,THE SPEAKER PRO TEMPORE (MR. WOMACK)
336,MR. FRANKEN
337,MR. PAULSEN
338,MR. ROE OF TENNESSEE
339,MR. YODER
340,MR. WALKER
341,MS. ESTY OF CONNECTICUT
342,MR. WEBSTER OF FLORIDA
343,MR. HOEVEN
344,MS. FRANKEL OF FLORIDA
345,MR. PRICE OF NORTH CAROLINA
346,MS. SCHAKOWSKY
347,MR. VAN HOLLEN
348,MR. BROWN
349,MR. BISHOP OF GEORGIA
350,MR. CASEY
351,MS. PELOSI
352,MR. THOMPSON OF PENNSYLVANIA
353,MR. SHELBY
354,MRS. WALORSKI
355,MR. CRAMER
356,THE PRESIDING OFFICER (MR. GARDNER)
357,MRS. BLACK
358,MR. POLIS
359,MR. POE OF TEXAS
360,MR. BARRASSO
361,MR. THOMPSON OF MISSISSIPPI
362,MS. CLARKE OF NEW YORK
363,MS. CLARK OF MASSACHUSETTS
364,MR. DOGGETT
365,THE SPEAKER PRO TEMPORE (MR. JODY B. HICE OF GEORGIA)
366,THE SPEAKER PRO TEMPORE (MRS. WAGNER)
367,MR. ALLEN
368,MR. WALBERG
369,MR. CICILLINE
370,MR. GOODLATTE
371,MR. MESSER
372,MR. CORNYN
373,MS. PLASKETT
374,MR. COLLINS OF NEW YORK
375,MRS. WATSON COLEMAN
376,MR. BANKS OF INDIANA
377,MR. PANETTA
378,MS. KELLY OF ILLINOIS
379,MR. DEUTCH
380,MR. BISHOP OF MICHIGAN
381,MR. KIHUEN
382,THE PRESIDING OFFICER (MR. HOEVEN)
383,MR. SCHNEIDER
384,MR. MERKLEY
385,MR. CONAWAY
386,MR. ZELDIN
387,MR. HARPER
388,MR. ABRAHAM
389,MRS. ROBY
390,MR. COURTNEY
391,MR. KILDEE
392,THE SPEAKER PRO TEMPORE (MR. GALLAGHER)
393,MR. SANFORD
394,MS. JACKSON LEE
395,THE PRESIDING OFFICER
396,MR. CALVERT
397,MR. DENHAM
398,MS. JENKINS OF KANSAS
399,MR. GIANFORTE
400,MS. WASSERMAN SCHULTZ
401,MR. WALZ
402,MR. CARTER OF GEORGIA
403,MR. DONOVAN
404,MS. BONAMICI
405,MR. ROKITA
406,MR. HENSARLING
407,MRS. CAPITO
408,THE CHAIR
409,MS. DELBENE
410,MR. ADERHOLT
